SampleName,Sample,Date,Project,contributing PI,MetaG Number_of_reads,MetaG Size_bp,Number_of_Bins_Medium_and_High_Quality,Country,GROW_version,has_MetaT,MetaT_bp,has_FTICR,Latitude,Longitude,MetaG_JGI_accession,MetaT sequencing location,MetaT_accession,MetaG mapping,Removed from mapping analysis
augustacreek_2019_sw_WHONDRS-S19S_0067,S19S_0067,8/12/19,WHONDRS,James Stegen,NA,NA,NA,USA,v1,Y,18022158946,Y,42.3921,-85.35412,NA,JGI,3300042578,NA,NA
cachelapoudre_2019_sw_WHONDRS-S19S_0077,S19S_0077,8/18/19,WHONDRS,James Stegen,NA,NA,NA,USA,v1,Y,10052424850,Y,40.66403,-105.223141,NA,UC Denver,TBD,NA,NA
cartcreek_2019_sw_WHONDRS-S19S_0073,S19S_0073,8/12/19,WHONDRS,James Stegen,NA,NA,NA,USA,v1,Y,10700839990,Y,42.7688065,-70.9164986,NA,UC Denver,TBD,NA,NA
kingscreed_2019_sw_WHONDRS-S19S_0040,S19S_0040,8/5/19,WHONDRS,James Stegen,NA,NA,NA,USA,v1,Y,8300571472,Y,39.087889,-96.584725,NA,UC Denver,TBD,NA,NA
sawmillbrook_2019_sw_WHONDRS-S19S_0072,S19S_0072,8/12/19,WHONDRS,James Stegen,NA,NA,NA,USA,v1,Y,8766472308,Y,42.5235645,-71.1848201,NA,UC Denver,TBD,NA,NA
providencecreek_2019_sw_WHONDRS-S19S_0007,S19S_0007,7/29/19,WHONDRS,James Stegen,324902932,49060342732,14,USA,v1,Y,8530812648,Y,37.05255,-119.195598,3300043393,UC Denver,TBD,83.465439,No
altamaha_2019_sw_WHONDRS-S19S_0010,S19S_0010,7/31/19,WHONDRS,James Stegen,250282804,37792703404,80,USA,v1,Y,14003601684,Y,31.667875,-81.840062,3300043395,JGI,3300041982,85.533524,No
teakettle_2019_sw_WHONDRS-S19S_0008,S19S_0008,7/29/19,WHONDRS,James Stegen,233972266,35329812166,1,USA,v1,Y,7580638806,Y,36.961112,-119.027785,3300043441,UC Denver,TBD,65.041237,No
yakimariver_2019_sw_WHONDRS-S19S_0060,S19S_0060,8/19/19,WHONDRS,James Stegen,229758236,34693493636,34,USA,v1,N,NA,Y,46.2531882,-119.4768203,3300043447,NA,NA,69.254225,No
stroublescreek_2019_sw_WHONDRS-S19S_0089,S19S_0089,8/26/19,WHONDRS,James Stegen,221306914,33417344014,57,USA,v1,Y,37230804922,Y,37.21008,-80.44539,3300043425,JGI,3300041988,79.207016,No
teakettle2_2019_sw_WHONDRS-S19S_0032,S19S_0032,8/26/19,WHONDRS,James Stegen,211104136,31876724536,8,USA,v1,Y,8883608142,Y,36.95545,-119.02313,3300043405,UC Denver,TBD,74.681705,No
blueriver_2019_sw_WHONDRS-S19S_0024,S19S_0024,8/18/19,WHONDRS,James Stegen,210080280,31722122280,82,USA,v1,Y,8400441664,Y,34.44205,-96.6227,3300043443,UC Denver,TBD,84.317123,No
guil_2019_sw_WHONDRS-S19S_0049,S19S_0049,8/13/19,WHONDRS,James Stegen,202544480,30584216480,34,USA (Puerto Rico),v1,Y,9285878786,Y,18.17443,-66.80038,3300043413,UC Denver,TBD,86.297178,No
comocreek_2019_sw_WHONDRS-S19S_0026,S19S_0026,8/5/19,WHONDRS,James Stegen,201864702,30481570002,19,USA,v1,Y,8994388084,Y,40.03489,-105.54327,3300042989,UC Denver,TBD,83.502167,No
sharkriverslough_2019_sw_WHONDRS-S19S_0042,S19S_0042,8/5/19,WHONDRS,James Stegen,200041998,30206341698,109,USA,v1,Y,9029522462,Y,25.40976,-80.96434,3300044681,UC Denver,TBD,92.2897873,No
NASQAN2011_188,NASQAN2011_188,2/9/11,NASQAN,Byron Crump,199401784,30109669384,3,USA,v1,N,NA,N,30.75852,-91.39595,3300045578,NA,NA,37.55795,No
whiteclaycreek2_2019_sw_WHONDRS-S19S_0038,S19S_0038,8/12/19,WHONDRS,James Stegen,199284612,30091976412,30,USA,v1,Y,10005948560,Y,39.8594333,-75.7839486,3300044540,UC Denver,TBD,77.18109,No
marthacreek_2019_sw_WHONDRS-S19S_0030,S19S_0030,8/13/19,WHONDRS,James Stegen,197725612,29856567412,7,USA,v1,Y,7406534900,Y,45.792348,-121.929131,3300043403,UC Denver,TBD,77.875656,No
sycamorecreek_2019_sw_WHONDRS-S19S_0028,S19S_0028,8/6/19,WHONDRS,James Stegen,193590886,29232223786,16,USA,v1,Y,12334769012,Y,33.750675,-111.507871,3300043445,JGI,3300041983,90.854364,No
lewisrun_2019_sw_WHONDRS-S19S_0014,S19S_0014,8/19/19,WHONDRS,James Stegen,192437590,29058076090,39,USA,v1,N,NA,Y,39.0941,-77.9808,3300043399,NA,NA,76.412762,No
riogrande_2019_sw_WHONDRS-S19S_0066,S19S_0066,8/18/19,WHONDRS,James Stegen,190523662,28769072962,100,USA,v1,Y,9634328198,Y,35.19845,-106.643178,3300043449,UC Denver,TBD,80.174137,No
NASQAN2011_332,NASQAN2011_332,8/17/11,NASQAN,Byron Crump,188271024,28428924624,30,USA,v1,N,NA,N,38.13088,-87.94142,3300045581,NA,NA,73.13782,No
NASQAN2015_010,NASQAN2015_010,2/3/15,NASQAN,Byron Crump,188021772,28391287572,14,USA,v1,N,NA,N,61.93369,-162.88294,3300047277,NA,NA,77.353138,No
oksrukuyikcreek_2019_sw_WHONDRS-S19S_0050,S19S_0050,8/13/19,WHONDRS,James Stegen,187055322,28245353622,16,USA,v1,Y,9505598282,Y,68.66953,-149.14198,3300043414,UC Denver,TBD,63.48793,No
poseycreek_2019_sw_WHONDRS-S19S_0013,S19S_0013,8/19/19,WHONDRS,James Stegen,185090406,27948651306,4,USA,v1,Y,8686811352,Y,38.8952,-78.1476,3300043398,UC Denver,TBD,76.391815,No
farmington_2019_sw_WHONDRS-S19S_0053,S19S_0053,8/25/19,WHONDRS,James Stegen,183041168,27639216368,64,USA,v1,Y,13673281030,Y,41.869567,-72.7966519,3300046786,UC Denver,TBD,70.1833,No
eastriver_2019_sw_WHONDRS-S19S_0100,S19S_0100,8/20/19,WHONDRS,James Stegen,177268274,26767509374,51,USA,v1,N,NA,Y,38.92352,-106.950961,3300043429,NA,NA,78.9926,No
NASQAN2015_114,NASQAN2015_114,2/17/15,NASQAN,Byron Crump,175370218,26480902918,5,USA,v1,N,NA,N,38.92956,-77.11692,3300047393,NA,NA,71.709806,No
marshallgulch_2019_sw_WHONDRS-S19S_0035,S19S_0035,8/12/19,WHONDRS,James Stegen,173688248,26226925448,11,USA,v1,Y,7452985218,Y,32.42735,-110.757838,3300043406,UC Denver,TBD,75.680655,No
crookedriver_2019_sw_WHONDRS-S19S_0041,S19S_0041,8/5/19,WHONDRS,James Stegen,173378712,26180185512,42,USA,v1,N,NA,Y,44.299994,-120.858196,3300043409,NA,NA,77.015722,No
pringlecreek_2019_sw_WHONDRS-S19S_0025,S19S_0025,8/6/19,WHONDRS,James Stegen,173277820,26164950820,86,USA,v1,Y,7758527376,Y,33.37853,-97.78275,3300043444,UC Denver,TBD,87.887263,No
king_2019_sw_WHONDRS-S19S_0016,S19S_0016,8/12/19,WHONDRS,James Stegen,172104556,25987787956,15,USA,v1,Y,10570796676,Y,39.10445,-96.6025,3300043400,UC Denver,TBD,74.34652,No
cariboucreek_2019_sw_WHONDRS-S19S_0051,S19S_0051,8/14/19,WHONDRS,James Stegen,171991374,25970697474,2,USA,v1,Y,10404070026,Y,65.1531,-147.50267,3300044804,UC Denver,TBD,65.152233,No
arikareeriver_2019_sw_WHONDRS-S19S_0023,S19S_0023,8/6/19,WHONDRS,James Stegen,171977790,25968646290,40,USA,v1,Y,8415911312,Y,39.75841,-102.44896,3300042988,UC Denver,TBD,84.669071,No
redbuttecreek_2019_sw_WHONDRS-S19S_0029,S19S_0029,8/5/19,WHONDRS,James Stegen,171201950,25851494450,10,USA,v1,Y,8405023306,Y,40.78319,-111.80126,3300043402,UC Denver,TBD,84.590971,No
NASQAN2016_083,NASQAN2016_083,8/3/16,NASQAN,Byron Crump,168926710,25507933210,83,USA,v1,N,NA,N,39.65791,-76.17418,3300047457,NA,NA,85.5287075,No
NASQAN2011_096,NASQAN2011_096,5/17/11,NASQAN,Byron Crump,166878722,25198687022,0,USA,v1,N,NA,N,39.70338,-90.64541,3300046764,NA,NA,0,Yes
pamunkeyriver_2019_sw_WHONDRS-S19S_0054,S19S_0054,8/5/19,WHONDRS,James Stegen,166644062,25163253362,72,USA,v1,Y,9800400716,Y,37.57261,-77.0237,3300043446,UC Denver,TBD,80.614107,No
redbuttecreek_2019_sw_WHONDRS-S19S_0086,S19S_0086,8/19/19,WHONDRS,James Stegen,166243524,25102772124,29,USA,v1,Y,8347398686,Y,40.7797,-111.8064,3300043423,UC Denver,TBD,76.012825,No
tombigeeriver_2019_sw_WHONDRS-S19S_0020,S19S_0020,8/19/19,WHONDRS,James Stegen,164688994,24868038094,63,USA,v1,Y,7389937584,Y,31.85294,-88.15755,3300042987,UC Denver,TBD,88.200956,No
umpqua_2019_sw_WHONDRS-S19S_0079,S19S_0079,9/6/19,WHONDRS,James Stegen,164265712,24804122512,80,USA,v1,Y,9926605308,Y,43.6369,-123.5721,3300043419,UC Denver,TBD,85.75058,No
morescreek_2019_sw_WHONDRS-S19S_0085,S19S_0085,8/19/19,WHONDRS,James Stegen,162640842,24558767142,13,USA,v1,Y,6623210320,Y,43.6479639,-115.9902503,3300043422,UC Denver,TBD,68.613625,No
NASQAN2011_031,NASQAN2011_031,3/31/11,NASQAN,Byron Crump,160839532,24286769332,1,USA,v1,N,NA,N,37.03784,-88.52949,3300045424,NA,NA,35.351105,No
whiteclaycreek1_2019_sw_WHONDRS-S19S_0037,S19S_0037,8/12/19,WHONDRS,James Stegen,158821178,23981997878,31,USA,v1,Y,7834678488,Y,39.8577967,-75.7830393,3300043408,UC Denver,TBD,72.444445,No
cobbmillcreek_2019_sw_WHONDRS-S19S_0090,S19S_0090,8/17/19,WHONDRS,James Stegen,158536624,23939030224,29,USA,v1,Y,10950138574,Y,37.291383,-75.930606,3300043432,UC Denver,TBD,85.1516905,No
eastforkpoplarcreek_2019_sw_WHONDRS-S19S_0039,S19S_0039,8/5/19,WHONDRS,James Stegen,158262398,23897622098,48,USA,v1,Y,10160701514,Y,35.966194,-84.359197,3300044825,UC Denver,TBD,76.49749,No
middleoconee_2019_sw_WHONDRS-S19S_0011,S19S_0011,8/5/19,WHONDRS,James Stegen,157051460,23714770460,8,USA,v1,Y,21713430352,Y,33.955686,-83.437674,3300043396,JGI,3300042578,46.910465,No
columbiariver1_2019_sw_WHONDRS-S19S_0075,S19S_0075,8/6/19,WHONDRS,James Stegen,157016836,23709542236,58,USA,v1,N,NA,Y,46.694742,-119.465555,3300044700,NA,NA,84.483862,No
southforkpolouse_2019_sw_WHONDRS-S19S_0055,S19S_0055,8/5/19,WHONDRS,James Stegen,156847906,23684033806,41,USA,v1,N,NA,Y,46.732428,-117.180863,3300046787,NA,NA,81.596088,No
NASQAN2015_208,NASQAN2015_208,11/30/15,NASQAN,Byron Crump,156214376,23588370776,24,USA,v1,N,NA,N,37.67604,-121.26633,3300047289,NA,NA,58.848984,No
littlewindriver_2019_sw_WHONDRS-S19S_0009,S19S_0009,7/30/19,WHONDRS,James Stegen,155289302,23448684602,36,USA,v1,Y,13789174738,Y,42.9877,-108.3983,3300043394,JGI,3300041981,71.986263,No
icacos_2019_sw_WHONDRS-S19S_0094,S19S_0094,8/19/19,WHONDRS,James Stegen,155180920,23432318920,90,USA (Puerto Rico),v1,Y,8221020746,Y,18.2754452,-65.7852826,3300043427,UC Denver,TBD,82.251179,No
NASQAN2011_435,NASQAN2011_435,10/18/11,NASQAN,Byron Crump,153915504,23241241104,0,USA,v1,N,NA,N,41.01528,-96.15778,3300045584,NA,NA,1.96243,Yes
muddycreek_2019_sw_WHONDRS-S19S_0082,S19S_0082,8/19/19,WHONDRS,James Stegen,152895654,23087243754,76,USA,v1,Y,1748602952,Y,38.8748619,-76.5465418,3300043420,JGI,3300041987,91.413158,No
lecontecreek_2019_sw_WHONDRS-S19S_0018,S19S_0018,8/5/19,WHONDRS,James Stegen,152810500,23074385500,4,USA,v1,N,NA,Y,35.6922935,-83.504941,3300043431,NA,NA,65.128685,No
littlewolfcreek_2019_sw_WHONDRS-S19S_0078,S19S_0078,9/6/19,WHONDRS,James Stegen,152460336,23021510736,39,USA,v1,Y,26195007370,Y,43.43138889,-123.5855556,3300043418,JGI,3300041986,86.150324,No
mcraecreek_2019_sw_WHONDRS-S19S_0031,S19S_0031,8/19/19,WHONDRS,James Stegen,151860850,22930988350,6,USA,v1,N,NA,Y,44.2602628,-122.1650676,3300043404,NA,NA,74.900585,No
lowercolorado_2019_sw_WHONDRS-S19S_0063,S19S_0063,8/12/19,WHONDRS,James Stegen,149706432,22605671232,74,USA,v1,Y,11724772500,Y,30.250335,-97.709399,3300043448,UC Denver,TBD,86.040086,No
logan1_2019_sw_WHONDRS-S19S_0097,S19S_0097,8/18/19,WHONDRS,James Stegen,148812872,22470743672,9,USA,v1,Y,8281676238,Y,41.720847,-111.8865,3300043428,UC Denver,TBD,64.79407,No
greatmiami_2019_sw_WHONDRS-S19S_0099,S19S_0099,8/19/19,WHONDRS,James Stegen,148276494,22389750594,58,USA,v1,Y,31270968406,Y,39.2385932,-84.7119066,3300043548,JGI,3300041990,77.454626,No
nfkcasparcreek_2019_sw_WHONDRS-S19S_0069,S19S_0069,8/12/19,WHONDRS,James Stegen,147849382,22325256682,2,USA,v1,N,NA,Y,39.362202,-123.735151,3300043417,NA,NA,33.731064,No
kuparukriver_2019_sw_WHONDRS-S19S_0047,S19S_0047,8/13/19,WHONDRS,James Stegen,147433182,22262410482,14,USA,v1,N,NA,Y,68.64278,-149.40333,3300043412,NA,NA,61.494507,No
NASQAN2011_256,NASQAN2011_256,5/23/11,NASQAN,Byron Crump,146532922,22126471222,18,USA,v1,N,NA,N,41.17809,-91.18209,3300045533,NA,NA,70.042456,No
NASQAN2011_060,NASQAN2011_060,8/8/11,NASQAN,Byron Crump,145628276,21989869676,26,USA,v1,N,NA,N,41.25889,-95.92251,3300045433,NA,NA,62.495262,No
flintriver_2019_sw_WHONDRS-S19S_0015,S19S_0015,8/5/19,WHONDRS,James Stegen,145461294,21964655394,62,USA,v1,N,NA,Y,31.184396,-84.439009,3300043430,NA,NA,91.821157,No
hopbrook_2019_sw_WHONDRS-S19S_0012,S19S_0012,8/13/19,WHONDRS,James Stegen,144875604,21876216204,22,USA,v1,N,NA,Y,42.47179,-72.33027,3300043397,NA,NA,73.429733,No
NASQAN2011_333,NASQAN2011_333,10/26/11,NASQAN,Byron Crump,144776532,21861256332,1,USA,v1,N,NA,N,38.13088,-87.94142,3300045537,NA,NA,32.832146,No
NASQAN2015_109,NASQAN2015_109,4/29/15,NASQAN,Byron Crump,144352782,21797270082,27,USA,v1,N,NA,N,32.71866,-114.71884,3300047283,NA,NA,67.127262,No
NASQAN2015_174,NASQAN2015_174,2/10/15,NASQAN,Byron Crump,144047202,21751127502,11,USA,v1,N,NA,N,31.42717,-81.60539,3300047288,NA,NA,62.87015,No
logan2_2019_sw_WHONDRS-S19S_0098,S19S_0098,8/18/19,WHONDRS,James Stegen,143283286,21635776186,20,USA,v1,Y,10121099650,Y,41.950204,-111.580533,3300043452,UC Denver,TBD,78.761774,No
NASQAN2016_159,NASQAN2016_159,5/12/16,NASQAN,Byron Crump,143135054,21613393154,2,USA,v1,N,NA,N,41.72167,-73.94111,3300047293,NA,NA,13.59759,No
NASQAN2015_042,NASQAN2015_042,7/27/15,NASQAN,Byron Crump,141929584,21431367184,12,USA,v1,N,NA,N,38.45602,-121.50134,3300047391,NA,NA,53.220654,No
hugercreek_2019_sw_WHONDRS-S19S_0044,S19S_0044,8/6/19,WHONDRS,James Stegen,141580536,21378660936,59,USA,v1,Y,9350960994,Y,33.131027,-79.811134,3300043410,UC Denver,TBD,75.221283,No
NASQAN2015_047,NASQAN2015_047,2/18/15,NASQAN,Byron Crump,141235080,21326497080,11,USA,v1,N,NA,N,37.67604,-121.26633,3300047280,NA,NA,41.669178,No
NASQAN2010_127,NASQAN2010_127,11/8/10,NASQAN,Byron Crump,140343144,21191814744,8,USA,v1,N,NA,N,38.95116,-90.37123,3300045540,NA,NA,53.734344,No
columbiariver2_2019_sw_WHONDRS-S19S_0076,S19S_0076,8/6/19,WHONDRS,James Stegen,139849586,21117287486,59,USA,v1,Y,25657564244,Y,46.679191,-119.462605,3300043450,JGI,3300041998,80.902338,No
columbia_2019_sw_WHONDRS-S19S_0074,S19S_0074,8/5/19,WHONDRS,James Stegen,139440114,21055457214,46,USA,v1,Y,41483616940,Y,46.376172,-119.272998,3300044805,JGI,3300041985,80.725992,No
gunnisonriver_2019_sw_WHONDRS-S19S_0062,S19S_0062,8/13/19,WHONDRS,James Stegen,137658900,20786493900,45,USA,v1,Y,5310122474,Y,38.544583,-106.950417,3300043416,UC Denver,TBD,76.305563,No
NASQAN2016_024,NASQAN2016_024,6/22/16,NASQAN,Byron Crump,136465860,20606344860,11,USA,v1,N,NA,N,38.45602,-121.50134,3300047292,NA,NA,49.492573,No
NASQAN2011_028,NASQAN2011_028,2/11/11,NASQAN,Byron Crump,135636332,20481086132,1,USA,v1,N,NA,N,37.03784,-88.52949,3300045440,NA,NA,39.830227,No
NASQAN2014_188,NASQAN2014_188,11/5/14,NASQAN,Byron Crump,134815978,20357212678,28,USA,v1,N,NA,N,38.92956,-77.11692,3300047272,NA,NA,69.672018,No
columbia_2019_sw_WHONDRS-S19S_0036,S19S_0036,8/5/19,WHONDRS,James Stegen,134406094,20295320194,48,USA,v1,Y,10929757802,Y,46.372515,-119.271902,3300043407,UC Denver,TBD,80.783594,No
NASQAN2014_035,NASQAN2014_035,8/12/14,NASQAN,Byron Crump,134271920,20275059920,35,USA,v1,N,NA,N,29.34969,-95.58245,3300045526,NA,NA,79.921621,No
NASQAN2011_330,NASQAN2011_330,5/24/11,NASQAN,Byron Crump,134215342,20266516642,7,USA,v1,N,NA,N,38.13088,-87.94142,3300045536,NA,NA,47.046238,No
NASQAN2011_250,NASQAN2011_250,1/31/11,NASQAN,Byron Crump,133984746,20231696646,15,USA,v1,N,NA,N,41.17809,-91.18209,3300045532,NA,NA,58.127476,No
NASQAN2010_155,NASQAN2010_155,10/19/10,NASQAN,Byron Crump,133909038,20220264738,31,USA,v1,N,NA,N,41.25889,-95.92251,3300045538,NA,NA,66.944725,No
NASQAN2012_130,NASQAN2012_130,2/8/12,NASQAN,Byron Crump,132793810,20051865310,3,USA,v1,N,NA,N,38.95116,-90.37123,3300045539,NA,NA,45.606823,No
NASQAN2016_016,NASQAN2016_016,1/27/16,NASQAN,Byron Crump,132513840,20009589840,0,USA,v1,N,NA,N,38.45602,-121.50134,3300047291,NA,NA,43.172,No
nebranchanacostia_2019_sw_WHONDRS-S19S_0081,S19S_0081,8/19/19,WHONDRS,James Stegen,131817196,19904396596,48,USA,v1,Y,7720126264,Y,38.960004,-76.9261495,3300043451,UC Denver,TBD,76.820791,No
NASQAN2011_265,NASQAN2011_265,2/4/11,NASQAN,Byron Crump,131362614,19835754714,22,USA,v1,N,NA,N,40.72781,-91.95962,3300045586,NA,NA,60.583866,No
dobsoncreek_2019_sw_WHONDRS-S19S_0087,S19S_0087,8/21/19,WHONDRS,James Stegen,131195730,19810555230,52,USA,v1,Y,8981372186,Y,43.1233451,-116.7743431,3300043424,UC Denver,TBD,76.657845,No
NASQAN2011_209,NASQAN2011_209,2/8/11,NASQAN,Byron Crump,131005794,19781874894,2,USA,v1,N,NA,N,29.69799,-91.37289,3300045528,NA,NA,32.877396,No
NASQAN2010_233,NASQAN2010_233,12/2/10,NASQAN,Byron Crump,130335724,19680694324,8,USA,v1,N,NA,N,40.72781,-91.95962,3300045585,NA,NA,61.512585,No
sangamon_2019_sw_WHONDRS-S19S_0083,S19S_0083,8/19/19,WHONDRS,James Stegen,129545136,19561315536,60,USA,v1,Y,8705030710,Y,40.31083,-88.3227,3300046779,UC Denver,TBD,81.607931,No
NASQAN2015_081,NASQAN2015_081,2/19/15,NASQAN,Byron Crump,128625098,19422389798,9,USA,v1,N,NA,N,39.65791,-76.17418,3300047281,NA,NA,60.108463,No
NASQAN2011_225,NASQAN2011_225,5/12/11,NASQAN,Byron Crump,128048688,19335351888,0,USA,v1,N,NA,N,30.69074,-91.73623,3300045530,NA,NA,28.940735,No
NASQAN2011_051,NASQAN2011_051,2/14/11,NASQAN,Byron Crump,127770988,19293419188,18,USA,v1,N,NA,N,41.25889,-95.92251,3300045425,NA,NA,64.63322,No
watershed3_2019_sw_WHONDRS-S19S_0084,S19S_0084,8/19/19,WHONDRS,James Stegen,126968090,19172181590,31,USA,v1,N,NA,Y,43.954722,-71.722778,3300043421,NA,NA,85.423374,No
NASQAN2015_031,NASQAN2015_031,10/1/15,NASQAN,Byron Crump,125963060,19020422060,21,USA,v1,N,NA,N,45.00616,-74.79491,3300047390,NA,NA,70.54919,No
NASQAN2011_099,NASQAN2011_099,8/24/11,NASQAN,Byron Crump,124329298,18773723998,10,USA,v1,N,NA,N,39.70338,-90.64541,3300045457,NA,NA,59.34974,No
NASQAN2015_052,NASQAN2015_052,5/15/15,NASQAN,Byron Crump,124030690,18728634190,28,USA,v1,N,NA,N,37.67604,-121.26633,3300047392,NA,NA,66.892605,No
mcdi_2019_sw_WHONDRS-S19S_0017,S19S_0017,8/26/19,WHONDRS,James Stegen,123679618,18675622318,19,USA,v1,Y,8910379536,Y,38.94668,-96.44355,3300046777,UC Denver,TBD,60.07762,No
weststlouiscreek_2019_sw_WHONDRS-S19S_0027,S19S_0027,8/13/19,WHONDRS,James Stegen,123566938,18658607638,1,USA,v1,N,NA,Y,39.89064,-105.91125,3300043401,NA,NA,71.22318,No
NASQAN2011_433,NASQAN2011_433,7/20/11,NASQAN,Byron Crump,122313460,18469332460,15,USA,v1,N,NA,N,41.01528,-96.15778,3300045541,NA,NA,55.556152,No
NASQAN2011_262,NASQAN2011_262,8/15/11,NASQAN,Byron Crump,121875220,18403158220,34,USA,v1,N,NA,N,41.17809,-91.18209,3300045534,NA,NA,70.0674,No
NASQAN2015_015,NASQAN2015_015,8/18/15,NASQAN,Byron Crump,120328768,18169643968,4,USA,v1,N,NA,N,61.93369,-162.88294,3300047279,NA,NA,42.321808,No
NASQAN2014_141,NASQAN2014_141,5/14/14,NASQAN,Byron Crump,119754960,18082998960,19,USA,v1,N,NA,N,45.00616,-74.79491,3300047389,NA,NA,74.419147,No
NASQAN2011_231,NASQAN2011_231,2/9/11,NASQAN,Byron Crump,118349562,17870783862,5,USA,v1,N,NA,N,30.44567,-91.19156,3300045531,NA,NA,47.91547,No
lajara_2019_sw_WHONDRS-S19S_0034,S19S_0034,8/5/19,WHONDRS,James Stegen,118344688,17870047888,7,USA,v1,Y,11245440516,Y,35.8677,-106.5233,3300046778,UC Denver,TBD,76.95887,No
NASQAN2011_451,NASQAN2011_451,11/16/11,NASQAN,Byron Crump,116766696,17631771096,5,USA,v1,N,NA,N,38.48977,-87.55002,3300045542,NA,NA,42.29016,No
NASQAN2011_236,NASQAN2011_236,5/9/11,NASQAN,Byron Crump,114911848,17351689048,5,USA,v1,N,NA,N,30.44567,-91.19156,3300045728,NA,NA,42.524445,No
NASQAN2011_275,NASQAN2011_275,8/17/11,NASQAN,Byron Crump,114298264,17259037864,37,USA,v1,N,NA,N,40.72781,-91.95962,3300045587,NA,NA,77.217436,No
NASQAN2011_177,NASQAN2011_177,8/15/11,NASQAN,Byron Crump,113899290,17198792790,28,USA,v1,N,NA,N,38.48977,-87.55002,3300045580,NA,NA,71.723587,No
blackearthcreek_2019_sw_WHONDRS-S19S_0061,S19S_0061,8/12/19,WHONDRS,James Stegen,112929274,17052320374,21,USA,v1,Y,11658832914,Y,43.1095,-89.6407,3300043415,JGI,3300041984,56.62849,No
NASQAN2012_115,NASQAN2012_115,5/9/12,NASQAN,Byron Crump,112548510,16994825010,5,USA,v1,N,NA,N,32.33972,-90.9125,3300045525,NA,NA,50.61175,No
NASQAN2011_219,NASQAN2011_219,2/10/11,NASQAN,Byron Crump,110612452,16702480252,0,USA,v1,N,NA,N,30.69074,-91.73623,3300045529,NA,NA,13.58208,No
NASQAN2014_144,NASQAN2014_144,7/14/14,NASQAN,Byron Crump,108955786,16452323686,48,USA,v1,N,NA,N,45.00616,-74.79491,3300047273,NA,NA,76.880056,No
NASQAN2014_085,NASQAN2014_085,5/21/14,NASQAN,Byron Crump,107660860,16256789860,7,USA,v1,N,NA,N,31.08657,-87.97722,3300045577,NA,NA,50.9238,No
NASQAN2015_101,NASQAN2015_101,8/18/15,NASQAN,Byron Crump,107417608,16220058808,22,USA,v1,N,NA,N,29.94937,-85.01547,3300047282,NA,NA,70.871609,No
NASQAN2011_286,NASQAN2011_286,8/16/11,NASQAN,Byron Crump,106588382,16094845682,31,USA,v1,N,NA,N,41.78059,-90.25207,3300045579,NA,NA,66.105206,No
NASQAN2011_057,NASQAN2011_057,5/23/11,NASQAN,Byron Crump,103959138,15697829838,3,USA,v1,N,NA,N,41.25889,-95.92251,3300045432,NA,NA,31.9743,No
NASQAN2011_458,NASQAN2011_458,12/5/11,NASQAN,Byron Crump,102958946,15546800846,11,USA,v1,N,NA,N,41.17809,-91.18209,3300045588,NA,NA,72.251247,No
NASQAN2014_190,NASQAN2014_190,10/28/14,NASQAN,Byron Crump,102446332,15469396132,68,USA,v1,N,NA,N,29.34969,-95.58245,3300047275,NA,NA,80.763144,No
NASQAN2015_150,NASQAN2015_150,8/7/15,NASQAN,Byron Crump,101008992,15252357792,14,USA,v1,N,NA,N,41.72167,-73.94111,3300047286,NA,NA,52.58821,No
blackwarrior_2019_sw_WHONDRS-S19S_0021,S19S_0021,8/20/19,WHONDRS,James Stegen,98893064,14932852664,63,USA,v1,Y,10134241180,Y,32.54069,-87.79835,3300043442,JGI,3300042579,86.109,No
Yukon_2004-1,Yukon_2004-1,4/7/04,Yukon,Byron Crump,98759698,14912714398,15,USA,v1,N,NA,N,61.93333333,-162.8666667,3300047301,NA,NA,81.198269,No
NASQAN2011_429,NASQAN2011_429,5/11/11,NASQAN,Byron Crump,96993876,14646075276,0,USA,v1,N,NA,N,41.01528,-96.15778,3300046776,NA,NA,35.52837,No
NASQAN2014_193,NASQAN2014_193,10/22/14,NASQAN,Byron Crump,96653184,14594630784,53,USA,v1,N,NA,N,31.42717,-81.60539,3300047276,NA,NA,79.637808,No
NASQAN2015_172,NASQAN2015_172,5/20/15,NASQAN,Byron Crump,94465602,14264305902,28,USA,v1,N,NA,N,31.42717,-81.60539,3300047287,NA,NA,75.867367,No
NASQAN2015_111,NASQAN2015_111,8/19/15,NASQAN,Byron Crump,93110278,14059651978,73,USA,v1,N,NA,N,32.71866,-114.71884,3300047284,NA,NA,79.56906,No
NASQAN2012_132,NASQAN2012_132,5/2/12,NASQAN,Byron Crump,92877628,14024521828,0,USA,v1,N,NA,N,38.95116,-90.37123,3300046775,NA,NA,0,Yes
NASQAN2016_179,NASQAN2016_179,4/20/16,NASQAN,Byron Crump,91987418,13890100118,0,USA,v1,N,NA,N,25.87675,-97.45443,3300047296,NA,NA,26.3603,No
NASQAN2011_282,NASQAN2011_282,5/19/11,NASQAN,Byron Crump,91767560,13856901560,0,USA,v1,N,NA,N,41.78059,-90.25207,3300045535,NA,NA,38.535286,No
NASQAN2015_227,NASQAN2015_227,12/23/15,NASQAN,Byron Crump,91038200,13746768200,25,USA,v1,N,NA,N,29.94937,-85.01547,3300047290,NA,NA,64.736767,No
NASQAN2010_190,NASQAN2010_190,8/4/10,NASQAN,Byron Crump,90453106,13658419006,24,USA,v1,N,NA,N,37.20311,-89.04174,3300045583,NA,NA,70.418417,No
NASQAN2015_013,NASQAN2015_013,6/9/15,NASQAN,Byron Crump,87636190,13233064690,7,USA,v1,N,NA,N,61.93369,-162.88294,3300047278,NA,NA,53.5273,No
NASQAN2015_206,NASQAN2015_206,12/9/15,NASQAN,Byron Crump,86829500,13111254500,5,USA,v1,N,NA,N,38.45602,-121.50134,3300047285,NA,NA,43.61651,No
deadrun_2019_sw_WHONDRS-S19S_0006,S19S_0006,7/29/19,WHONDRS,James Stegen,85834628,12961028828,54,USA,v1,Y,7591080154,Y,39.311369,-76.717163,3300043392,UC Denver,TBD,84.815616,No
Yukon_2004-3,Yukon_2004-3,6/15/04,Yukon,Byron Crump,85075012,12846326812,3,USA,v1,N,NA,N,61.93333333,-162.8666667,3300047302,NA,NA,62.328346,No
NASQAN2010_172,NASQAN2010_172,12/6/10,NASQAN,Byron Crump,85003950,12835596450,0,USA,v1,N,NA,N,37.21647,-89.46758,3300046774,NA,NA,0,Yes
NASQAN2011_198,NASQAN2011_198,8/22/11,NASQAN,Byron Crump,83893812,12667965612,0,USA,v1,N,NA,N,30.75852,-91.39595,3300046767,NA,NA,12.780975,No
NASQAN2014_185,NASQAN2014_185,10/28/14,NASQAN,Byron Crump,83468900,12603803900,77,USA,v1,N,NA,N,32.71866,-114.71884,3300047274,NA,NA,76.934517,No
NASQAN2011_240,NASQAN2011_240,2/8/11,NASQAN,Byron Crump,80787310,12198883810,0,USA,v1,N,NA,N,29.69282,-91.21194,3300046803,NA,NA,3.936874,Yes
NASQAN2011_239,NASQAN2011_239,8/22/11,NASQAN,Byron Crump,79100808,11944222008,2,USA,v1,N,NA,N,30.44567,-91.19156,3300046770,NA,NA,8.347305,Yes
NASQAN2010_121,NASQAN2010_121,10/4/10,NASQAN,Byron Crump,73909218,11160291918,0,USA,v1,N,NA,N,41.78059,-90.25207,3300045422,NA,NA,14.46954,No
NASQAN2012_124,NASQAN2012_124,5/14/12,NASQAN,Byron Crump,72730466,10982300366,0,USA,v1,N,NA,N,37.21647,-89.46758,3300046773,NA,NA,0,Yes
NASQAN2016_060,NASQAN2016_060,7/12/16,NASQAN,Byron Crump,72439574,10938375674,4,USA,v1,N,NA,N,29.85715,-89.97785,3300047456,NA,NA,47.13601,No
NASQAN2015_002,NASQAN2015_002,2/12/15,NASQAN,Byron Crump,64902106,9800218006,0,USA,v1,N,NA,N,29.94937,-85.01547,3300047663,NA,NA,0,Yes
NASQAN2015_151,NASQAN2015_151,10/23/15,NASQAN,Byron Crump,63659436,9612574836,0,USA,v1,N,NA,N,41.72167,-73.94111,3300047394,NA,NA,0,Yes
NASQAN2016_057,NASQAN2016_057,5/3/16,NASQAN,Byron Crump,62660716,9461768116,0,USA,v1,N,NA,N,29.85715,-89.97785,3300047395,NA,NA,0,Yes
NASQAN2011_401,NASQAN2011_401,10/27/11,NASQAN,Byron Crump,62554192,9445682992,5,USA,v1,N,NA,N,38.70981,-91.4385,3300046043,NA,NA,38.701225,No
NASQAN2011_090,NASQAN2011_090,2/22/11,NASQAN,Byron Crump,61792418,9330655118,0,USA,v1,N,NA,N,39.70338,-90.64541,3300046763,NA,NA,0,Yes
NASQAN2014_024,NASQAN2014_024,1/22/14,NASQAN,Byron Crump,61665366,9311470266,3,USA,v1,N,NA,N,29.34969,-95.58245,3300046031,NA,NA,35.27908,No
NASQAN2016_178,NASQAN2016_178,2/17/16,NASQAN,Byron Crump,60023078,9063484778,21,USA,v1,N,NA,N,25.87675,-97.45443,3300047295,NA,NA,86.81376,No
NASQAN2016_164,NASQAN2016_164,1/14/16,NASQAN,Byron Crump,59952076,9052763476,18,USA,v1,N,NA,N,45.00616,-74.79491,3300047294,NA,NA,74.006277,No
NASQAN2011_217,NASQAN2011_217,8/24/11,NASQAN,Byron Crump,57488140,8680709140,0,USA,v1,N,NA,N,29.69799,-91.37289,3300046768,NA,NA,15.19782,No
NASQAN2011_172,NASQAN2011_172,5/18/11,NASQAN,Byron Crump,56414374,8518570474,0,USA,v1,N,NA,N,38.48977,-87.55002,3300046765,NA,NA,0,Yes
NASQAN2014_089,NASQAN2014_089,8/27/14,NASQAN,Byron Crump,55309052,8351666852,8,USA,v1,N,NA,N,31.08657,-87.97722,3300045527,NA,NA,60.407646,No
NASQAN2011_277,NASQAN2011_277,3/7/11,NASQAN,Byron Crump,53486686,8076489586,0,USA,v1,N,NA,N,41.78059,-90.25207,3300046771,NA,NA,0,Yes
NASQAN2011_229,NASQAN2011_229,8/25/11,NASQAN,Byron Crump,43763328,6608262528,0,USA,v1,N,NA,N,30.69074,-91.73623,3300046769,NA,NA,0,Yes
NASQAN2011_034,NASQAN2011_034,2/8/11,NASQAN,Byron Crump,41147108,6213213308,0,USA,v1,N,NA,N,38.13088,-87.94142,3300046762,NA,NA,0,Yes
NASQAN2012_107,NASQAN2012_107,7/18/12,NASQAN,Byron Crump,39255976,5927652376,0,USA,v1,N,NA,N,32.44417,-90.91417,3300045524,NA,NA,20.40056,No
NASQAN2011_194,NASQAN2011_194,5/9/11,NASQAN,Byron Crump,27688102,4180903402,0,USA,v1,N,NA,N,30.75852,-91.39595,3300046766,NA,NA,0,Yes